difficult_word,simple_word
facilitate,help
facilitates,helps
utilize,use
utilizes,uses
approximately,about
obtain,get
obtains,gets
commence,start
commences,starts
demonstrate,show
demonstrates,shows
assist,help
assists,helps
sufficient,enough
numerous,many
purchase,buy
purchases,buys
terminate,end
terminates,ends
require,need
requires,needs
individuals,people
additional,extra
subsequently,later
therefore,so
commonly,usually
construct,build
constructs,builds
modify,change
modifies,changes
implementation,method